Country;Year;Muertes por terrorismo;Muertes por conflictos
Afghanistan;2005;367;1349
Afghanistan;2006;731;4267
Afghanistan;2007;1197;5834
Afghanistan;2008;1089;4064
Afghanistan;2009;1064;5490
Afghanistan;2010;1065;6194
Afghanistan;2011;1521;6101
Afghanistan;2012;3521;4295
Afghanistan;2013;3696;4473
Afghanistan;2014;5413;7177
Afghanistan;2015;6210;11840
Albania;2005;0;0
Albania;2006;0;0
Albania;2007;0;7
Albania;2008;0;0
Albania;2009;0;0
Albania;2010;0;0
Albania;2011;0;0
Albania;2012;0;0
Albania;2013;0;0
Albania;2014;1;0
Albania;2015;0;0
Algeria;2005;228;0
Algeria;2006;185;108
Algeria;2007;279;195
Algeria;2008;249;92
Algeria;2009;204;305
Algeria;2010;109;128
Algeria;2011;25;242
Algeria;2012;30;227
Algeria;2013;101;74
Algeria;2014;37;71
Algeria;2015;21;63
Andorra;2005;0;0
Andorra;2006;0;0
Andorra;2007;0;0
Andorra;2008;0;0
Andorra;2009;0;0
Andorra;2010;0;0
Andorra;2011;0;0
Andorra;2012;0;0
Andorra;2013;0;0
Andorra;2014;0;0
Andorra;2015;0;0
Angola;2005;0;0
Angola;2006;0;0
Angola;2007;0;26
Angola;2008;0;0
Angola;2009;2;24
Angola;2010;4;0
Angola;2011;0;0
Angola;2012;0;0
Angola;2013;0;0
Angola;2014;0;0
Angola;2015;0;0
AntiguaÿandÿBarbuda;2005;0;0
AntiguaÿandÿBarbuda;2006;0;0
AntiguaÿandÿBarbuda;2007;0;0
AntiguaÿandÿBarbuda;2008;0;0
AntiguaÿandÿBarbuda;2009;0;0
AntiguaÿandÿBarbuda;2010;0;0
AntiguaÿandÿBarbuda;2011;0;0
AntiguaÿandÿBarbuda;2012;0;0
AntiguaÿandÿBarbuda;2013;0;0
AntiguaÿandÿBarbuda;2014;0;0
AntiguaÿandÿBarbuda;2015;0;0
Argentina;2005;0;0
Argentina;2006;0;0
Argentina;2007;0;0
Argentina;2008;0;0
Argentina;2009;0;0
Argentina;2010;0;0
Argentina;2011;0;0
Argentina;2012;0;0
Argentina;2013;0;0
Argentina;2014;0;0
Argentina;2015;0;0
Armenia;2005;0;0
Armenia;2006;0;3
Armenia;2007;0;0
Armenia;2008;0;4
Armenia;2009;1;2
Armenia;2010;0;3
Armenia;2011;0;4
Armenia;2012;0;13
Armenia;2013;0;6
Armenia;2014;0;28
Armenia;2015;0;51
Australia;2005;0;0
Australia;2006;0;0
Australia;2007;0;0
Australia;2008;0;0
Australia;2009;0;0
Australia;2010;0;0
Australia;2011;0;0
Australia;2012;0;0
Australia;2013;0;0
Australia;2014;4;0
Australia;2015;2;0
Austria;2005;0;0
Austria;2006;0;0
Austria;2007;0;0
Austria;2008;0;0
Austria;2009;1;0
Austria;2010;0;0
Austria;2011;0;0
Austria;2012;0;0
Austria;2013;0;0
Austria;2014;0;0
Austria;2015;0;0
Azerbaijan;2005;0;18
Azerbaijan;2006;0;0
Azerbaijan;2007;0;0
Azerbaijan;2008;5;25
Azerbaijan;2009;1;0
Azerbaijan;2010;0;0
Azerbaijan;2011;0;0
Azerbaijan;2012;0;16
Azerbaijan;2013;0;11
Azerbaijan;2014;0;46
Azerbaijan;2015;0;63
Bahamas;2005;0;0
Bahamas;2006;0;0
Bahamas;2007;0;0
Bahamas;2008;0;0
Bahamas;2009;0;0
Bahamas;2010;0;0
Bahamas;2011;0;0
Bahamas;2012;0;0
Bahamas;2013;0;0
Bahamas;2014;0;0
Bahamas;2015;0;0
Bahrain;2005;0;0
Bahrain;2006;0;0
Bahrain;2007;0;0
Bahrain;2008;1;0
Bahrain;2009;0;0
Bahrain;2010;0;0
Bahrain;2011;0;52
Bahrain;2012;4;48
Bahrain;2013;3;0
Bahrain;2014;9;0
Bahrain;2015;5;0
Bangladesh;2005;43;0
Bangladesh;2006;19;0
Bangladesh;2007;1;0
Bangladesh;2008;9;0
Bangladesh;2009;18;0
Bangladesh;2010;15;0
Bangladesh;2011;9;0
Bangladesh;2012;8;0
Bangladesh;2013;16;0
Bangladesh;2014;38;0
Bangladesh;2015;86;0
Barbados;2005;0;0
Barbados;2006;0;0
Barbados;2007;0;0
Barbados;2008;0;0
Barbados;2009;0;0
Barbados;2010;0;0
Barbados;2011;0;0
Barbados;2012;0;0
Barbados;2013;0;0
Barbados;2014;0;0
Barbados;2015;0;0
Belarus;2005;0;0
Belarus;2006;0;0
Belarus;2007;0;10
Belarus;2008;0;19
Belarus;2009;0;18
Belarus;2010;0;11
Belarus;2011;13;8
Belarus;2012;0;0
Belarus;2013;0;10
Belarus;2014;0;0
Belarus;2015;0;0
Belgium;2005;0;0
Belgium;2006;0;0
Belgium;2007;0;0
Belgium;2008;0;0
Belgium;2009;0;0
Belgium;2010;0;0
Belgium;2011;0;0
Belgium;2012;1;0
Belgium;2013;0;0
Belgium;2014;4;0
Belgium;2015;0;0
Belize;2005;0;0
Belize;2006;0;0
Belize;2007;0;0
Belize;2008;0;0
Belize;2009;0;0
Belize;2010;0;0
Belize;2011;0;0
Belize;2012;0;0
Belize;2013;0;0
Belize;2014;0;0
Belize;2015;0;0
Benin;2005;0;0
Benin;2006;0;0
Benin;2007;0;0
Benin;2008;0;0
Benin;2009;0;0
Benin;2010;0;0
Benin;2011;0;0
Benin;2012;0;0
Benin;2013;0;0
Benin;2014;0;0
Benin;2015;0;0
Bhutan;2005;0;0
Bhutan;2006;4;0
Bhutan;2007;0;0
Bhutan;2008;5;0
Bhutan;2009;0;0
Bhutan;2010;0;0
Bhutan;2011;0;0
Bhutan;2012;0;0
Bhutan;2013;0;0
Bhutan;2014;0;0
Bhutan;2015;0;0
Bolivia;2005;0;0
Bolivia;2006;0;0
Bolivia;2007;0;0
Bolivia;2008;0;0
Bolivia;2009;0;0
Bolivia;2010;0;0
Bolivia;2011;0;0
Bolivia;2012;0;0
Bolivia;2013;0;0
Bolivia;2014;0;0
Bolivia;2015;0;0
Botswana;2005;0;0
Botswana;2006;0;0
Botswana;2007;0;0
Botswana;2008;0;0
Botswana;2009;0;0
Botswana;2010;0;0
Botswana;2011;0;0
Botswana;2012;0;0
Botswana;2013;0;0
Botswana;2014;0;0
Botswana;2015;0;0
Brazil;2005;0;0
Brazil;2006;1;0
Brazil;2007;0;0
Brazil;2008;0;0
Brazil;2009;0;0
Brazil;2010;0;0
Brazil;2011;0;0
Brazil;2012;1;0
Brazil;2013;2;0
Brazil;2014;2;0
Brazil;2015;3;0
Brunei;2005;0;0
Brunei;2006;0;0
Brunei;2007;0;0
Brunei;2008;0;0
Brunei;2009;0;0
Brunei;2010;0;0
Brunei;2011;0;0
Brunei;2012;0;0
Brunei;2013;0;0
Brunei;2014;0;0
Brunei;2015;0;0
Bulgaria;2005;0;0
Bulgaria;2006;0;0
Bulgaria;2007;0;0
Bulgaria;2008;0;0
Bulgaria;2009;0;0
Bulgaria;2010;0;0
Bulgaria;2011;0;0
Bulgaria;2012;8;0
Bulgaria;2013;0;0
Bulgaria;2014;0;0
Bulgaria;2015;0;0
BurkinaÿFaso;2005;0;0
BurkinaÿFaso;2006;0;0
BurkinaÿFaso;2007;0;0
BurkinaÿFaso;2008;0;28
BurkinaÿFaso;2009;0;0
BurkinaÿFaso;2010;0;0
BurkinaÿFaso;2011;0;0
BurkinaÿFaso;2012;0;18
BurkinaÿFaso;2013;1;0
BurkinaÿFaso;2014;0;47
BurkinaÿFaso;2015;16;11
Burundi;2005;13;367
Burundi;2006;21;157
Burundi;2007;3;95
Burundi;2008;28;199
Burundi;2009;0;23
Burundi;2010;14;67
Burundi;2011;47;169
Burundi;2012;6;17
Burundi;2013;5;0
Burundi;2014;4;244
Burundi;2015;220;0
Cambodia;2005;0;0
Cambodia;2006;0;0
Cambodia;2007;0;0
Cambodia;2008;1;0
Cambodia;2009;0;0
Cambodia;2010;0;0
Cambodia;2011;0;20
Cambodia;2012;0;0
Cambodia;2013;0;0
Cambodia;2014;0;0
Cambodia;2015;0;0
Cameroon;2005;0;38
Cameroon;2006;0;27
Cameroon;2007;31;50
Cameroon;2008;3;287
Cameroon;2009;0;0
Cameroon;2010;5;0
Cameroon;2011;4;20
Cameroon;2012;0;0
Cameroon;2013;7;415
Cameroon;2014;788;0
Cameroon;2015;928;50
Canada;2005;0;0
Canada;2006;0;36
Canada;2007;0;0
Canada;2008;0;0
Canada;2009;0;0
Canada;2010;0;0
Canada;2011;0;0
Canada;2012;0;0
Canada;2013;0;0
Canada;2014;7;0
Canada;2015;0;0
CentralÿAfricanÿRepublic;2005;0;87
CentralÿAfricanÿRepublic;2006;4;163
CentralÿAfricanÿRepublic;2007;1;124
CentralÿAfricanÿRepublic;2008;1;51
CentralÿAfricanÿRepublic;2009;38;142
CentralÿAfricanÿRepublic;2010;46;69
CentralÿAfricanÿRepublic;2011;35;94
CentralÿAfricanÿRepublic;2012;14;73
CentralÿAfricanÿRepublic;2013;120;2970
CentralÿAfricanÿRepublic;2014;751;2247
CentralÿAfricanÿRepublic;2015;171;234
CentralÿAsia;2005;18;44
CentralÿAsia;2006;6;50
CentralÿAsia;2007;1;0
CentralÿAsia;2008;20;667
CentralÿAsia;2009;10;14
CentralÿAsia;2010;8;546
CentralÿAsia;2011;13;82
CentralÿAsia;2012;6;45
CentralÿAsia;2013;2;25
CentralÿAsia;2014;5;69
CentralÿAsia;2015;13;102
Chad;2005;0;273
Chad;2006;103;1939
Chad;2007;136;271
Chad;2008;172;826
Chad;2009;0;138
Chad;2010;0;123
Chad;2011;0;0
Chad;2012;0;0
Chad;2013;0;0
Chad;2014;6;29
Chad;2015;306;85
Chile;2005;0;0
Chile;2006;0;0
Chile;2007;0;0
Chile;2008;0;0
Chile;2009;0;0
Chile;2010;0;0
Chile;2011;0;0
Chile;2012;0;0
Chile;2013;2;0
Chile;2014;1;0
Chile;2015;0;0
China;2005;12;0
China;2006;0;0
China;2007;0;0
China;2008;23;0
China;2009;186;0
China;2010;7;0
China;2011;19;19
China;2012;27;20
China;2013;60;93
China;2014;322;98
China;2015;123;89
Colombia;2005;145;1532
Colombia;2006;79;483
Colombia;2007;64;242
Colombia;2008;85;222
Colombia;2009;107;271
Colombia;2010;56;364
Colombia;2011;43;159
Colombia;2012;168;45
Colombia;2013;137;4
Colombia;2014;143;0
Colombia;2015;104;30
Comoros;2005;0;0
Comoros;2006;0;0
Comoros;2007;0;0
Comoros;2008;0;0
Comoros;2009;0;0
Comoros;2010;0;0
Comoros;2011;0;0
Comoros;2012;0;0
Comoros;2013;0;0
Comoros;2014;0;0
Comoros;2015;0;0
Congo;2005;0;11
Congo;2006;0;0
Congo;2007;0;16
Congo;2008;0;0
Congo;2009;0;104
Congo;2010;0;0
Congo;2011;0;0
Congo;2012;0;0
Congo;2013;2;40
Congo;2014;0;11
Congo;2015;0;0
CostaÿRica;2005;0;0
CostaÿRica;2006;0;0
CostaÿRica;2007;0;0
CostaÿRica;2008;0;0
CostaÿRica;2009;0;0
CostaÿRica;2010;0;0
CostaÿRica;2011;0;0
CostaÿRica;2012;0;0
CostaÿRica;2013;0;0
CostaÿRica;2014;0;0
CostaÿRica;2015;0;0
Croatia;2005;0;5
Croatia;2006;0;0
Croatia;2007;0;0
Croatia;2008;0;0
Croatia;2009;0;0
Croatia;2010;0;0
Croatia;2011;0;0
Croatia;2012;0;0
Croatia;2013;0;0
Croatia;2014;0;0
Croatia;2015;0;0
Cuba;2005;0;0
Cuba;2006;0;0
Cuba;2007;1;0
Cuba;2008;0;0
Cuba;2009;0;0
Cuba;2010;0;0
Cuba;2011;0;0
Cuba;2012;0;0
Cuba;2013;0;0
Cuba;2014;0;0
Cuba;2015;0;0
Cyprus;2005;0;0
Cyprus;2006;0;0
Cyprus;2007;0;0
Cyprus;2008;0;0
Cyprus;2009;0;0
Cyprus;2010;0;0
Cyprus;2011;0;0
Cyprus;2012;0;0
Cyprus;2013;0;0
Cyprus;2014;0;0
Cyprus;2015;0;0
CzechÿRepublic;2005;0;0
CzechÿRepublic;2006;0;0
CzechÿRepublic;2007;0;0
CzechÿRepublic;2008;0;0
CzechÿRepublic;2009;0;0
CzechÿRepublic;2010;0;0
CzechÿRepublic;2011;0;0
CzechÿRepublic;2012;0;0
CzechÿRepublic;2013;1;0
CzechÿRepublic;2014;1;0
CzechÿRepublic;2015;0;0
DemocraticÿRepublicÿofÿCongo;2005;22;4916
DemocraticÿRepublicÿofÿCongo;2006;23;308
DemocraticÿRepublicÿofÿCongo;2007;72;825
DemocraticÿRepublicÿofÿCongo;2008;319;1424
DemocraticÿRepublicÿofÿCongo;2009;824;2500
DemocraticÿRepublicÿofÿCongo;2010;118;360
DemocraticÿRepublicÿofÿCongo;2011;50;193
DemocraticÿRepublicÿofÿCongo;2012;288;1405
DemocraticÿRepublicÿofÿCongo;2013;150;1921
DemocraticÿRepublicÿofÿCongo;2014;366;412
DemocraticÿRepublicÿofÿCongo;2015;367;34
Denmark;2005;0;0
Denmark;2006;0;0
Denmark;2007;0;0
Denmark;2008;0;13
Denmark;2009;0;0
Denmark;2010;0;0
Denmark;2011;0;0
Denmark;2012;0;0
Denmark;2013;0;0
Denmark;2014;0;0
Denmark;2015;2;0
Djibouti;2005;0;0
Djibouti;2006;0;0
Djibouti;2007;0;0
Djibouti;2008;0;18
Djibouti;2009;0;0
Djibouti;2010;0;0
Djibouti;2011;0;0
Djibouti;2012;0;0
Djibouti;2013;0;0
Djibouti;2014;5;0
Djibouti;2015;0;27
Dominica;2005;0;0
Dominica;2006;0;0
Dominica;2007;0;0
Dominica;2008;0;0
Dominica;2009;0;0
Dominica;2010;0;0
Dominica;2011;0;0
Dominica;2012;0;0
Dominica;2013;0;0
Dominica;2014;0;0
Dominica;2015;0;0
DominicanÿRepublic;2005;0;142
DominicanÿRepublic;2006;0;26
DominicanÿRepublic;2007;0;0
DominicanÿRepublic;2008;0;0
DominicanÿRepublic;2009;0;0
DominicanÿRepublic;2010;0;0
DominicanÿRepublic;2011;0;0
DominicanÿRepublic;2012;0;0
DominicanÿRepublic;2013;0;0
DominicanÿRepublic;2014;0;0
DominicanÿRepublic;2015;0;0
EastÿAsia;2005;12;0
EastÿAsia;2006;0;0
EastÿAsia;2007;0;0
EastÿAsia;2008;23;0
EastÿAsia;2009;186;0
EastÿAsia;2010;7;0
EastÿAsia;2011;19;19
EastÿAsia;2012;27;20
EastÿAsia;2013;60;93
EastÿAsia;2014;322;98
EastÿAsia;2015;123;89
EasternÿEurope;2005;157;588
EasternÿEurope;2006;59;273
EasternÿEurope;2007;57;200
EasternÿEurope;2008;101;389
EasternÿEurope;2009;143;627
EasternÿEurope;2010;234;197
EasternÿEurope;2011;174;394
EasternÿEurope;2012;179;342
EasternÿEurope;2013;151;362
EasternÿEurope;2014;1467;3116
EasternÿEurope;2015;790;516
Ecuador;2005;0;0
Ecuador;2006;0;0
Ecuador;2007;0;0
Ecuador;2008;0;26
Ecuador;2009;0;0
Ecuador;2010;0;0
Ecuador;2011;0;0
Ecuador;2012;0;0
Ecuador;2013;1;0
Ecuador;2014;0;0
Ecuador;2015;0;0
Egypt;2005;92;0
Egypt;2006;19;0
Egypt;2007;0;0
Egypt;2008;0;0
Egypt;2009;1;0
Egypt;2010;0;93
Egypt;2011;28;0
Egypt;2012;44;0
Egypt;2013;243;0
Egypt;2014;338;0
Egypt;2015;791;1970
ElÿSalvador;2005;0;0
ElÿSalvador;2006;0;0
ElÿSalvador;2007;0;20
ElÿSalvador;2008;0;0
ElÿSalvador;2009;0;0
ElÿSalvador;2010;0;18
ElÿSalvador;2011;0;0
ElÿSalvador;2012;0;0
ElÿSalvador;2013;0;0
ElÿSalvador;2014;0;20
ElÿSalvador;2015;0;37
EquatorialÿGuinea;2005;0;0
EquatorialÿGuinea;2006;0;0
EquatorialÿGuinea;2007;0;0
EquatorialÿGuinea;2008;0;0
EquatorialÿGuinea;2009;1;0
EquatorialÿGuinea;2010;0;0
EquatorialÿGuinea;2011;0;0
EquatorialÿGuinea;2012;0;0
EquatorialÿGuinea;2013;0;0
EquatorialÿGuinea;2014;0;0
EquatorialÿGuinea;2015;0;0
Eritrea;2005;0;163
Eritrea;2006;0;0
Eritrea;2007;0;0
Eritrea;2008;4;14
Eritrea;2009;2;0
Eritrea;2010;17;89
Eritrea;2011;17;0
Eritrea;2012;0;0
Eritrea;2013;0;81
Eritrea;2014;0;0
Eritrea;2015;0;0
Estonia;2005;0;0
Estonia;2006;0;0
Estonia;2007;0;2
Estonia;2008;0;0
Estonia;2009;0;4
Estonia;2010;0;0
Estonia;2011;1;0
Estonia;2012;0;0
Estonia;2013;0;0
Estonia;2014;0;0
Estonia;2015;0;0
Ethiopia;2005;9;326
Ethiopia;2006;12;433
Ethiopia;2007;204;283
Ethiopia;2008;27;287
Ethiopia;2009;13;576
Ethiopia;2010;8;149
Ethiopia;2011;2;0
Ethiopia;2012;25;350
Ethiopia;2013;17;0
Ethiopia;2014;9;0
Ethiopia;2015;48;132
Fiji;2005;0;0
Fiji;2006;0;0
Fiji;2007;0;0
Fiji;2008;0;0
Fiji;2009;0;0
Fiji;2010;0;0
Fiji;2011;0;0
Fiji;2012;0;0
Fiji;2013;0;0
Fiji;2014;0;0
Fiji;2015;0;0
Finland;2005;0;0
Finland;2006;0;0
Finland;2007;9;0
Finland;2008;0;0
Finland;2009;0;0
Finland;2010;0;0
Finland;2011;0;0
Finland;2012;0;0
Finland;2013;0;0
Finland;2014;0;0
Finland;2015;0;0
France;2005;0;0
France;2006;1;0
France;2007;3;0
France;2008;0;0
France;2009;0;0
France;2010;0;0
France;2011;0;0
France;2012;8;0
France;2013;0;0
France;2014;1;0
France;2015;162;106
Gabon;2005;0;0
Gabon;2006;0;0
Gabon;2007;0;0
Gabon;2008;0;0
Gabon;2009;0;0
Gabon;2010;0;0
Gabon;2011;0;0
Gabon;2012;0;0
Gabon;2013;0;0
Gabon;2014;0;0
Gabon;2015;0;0
Gambia;2005;0;56
Gambia;2006;0;0
Gambia;2007;0;16
Gambia;2008;0;0
Gambia;2009;0;0
Gambia;2010;0;0
Gambia;2011;0;0
Gambia;2012;0;0
Gambia;2013;0;0
Gambia;2014;0;0
Gambia;2015;0;0
Georgia;2005;8;4
Georgia;2006;5;20
Georgia;2007;0;0
Georgia;2008;13;614
Georgia;2009;5;0
Georgia;2010;4;0
Georgia;2011;1;0
Georgia;2012;1;0
Georgia;2013;2;8
Georgia;2014;0;0
Georgia;2015;0;0
Germany;2005;2;0
Germany;2006;2;0
Germany;2007;1;0
Germany;2008;0;0
Germany;2009;0;0
Germany;2010;0;0
Germany;2011;2;0
Germany;2012;0;0
Germany;2013;0;0
Germany;2014;0;0
Germany;2015;1;0
Ghana;2005;0;0
Ghana;2006;0;0
Ghana;2007;0;0
Ghana;2008;0;55
Ghana;2009;0;0
Ghana;2010;0;0
Ghana;2011;0;0
Ghana;2012;0;0
Ghana;2013;0;0
Ghana;2014;0;0
Ghana;2015;0;0
Greece;2005;0;0
Greece;2006;0;0
Greece;2007;0;0
Greece;2008;0;0
Greece;2009;1;0
Greece;2010;4;0
Greece;2011;0;0
Greece;2012;0;0
Greece;2013;2;0
Greece;2014;0;0
Greece;2015;1;0
Grenada;2005;0;0
Grenada;2006;0;0
Grenada;2007;0;0
Grenada;2008;0;0
Grenada;2009;0;0
Grenada;2010;0;0
Grenada;2011;0;0
Grenada;2012;0;0
Grenada;2013;0;0
Grenada;2014;0;0
Grenada;2015;0;0
Guatemala;2005;0;72
Guatemala;2006;5;45
Guatemala;2007;0;17
Guatemala;2008;0;78
Guatemala;2009;0;18
Guatemala;2010;0;0
Guatemala;2011;0;27
Guatemala;2012;2;31
Guatemala;2013;4;0
Guatemala;2014;0;0
Guatemala;2015;0;24
Guinea;2005;0;0
Guinea;2006;0;27
Guinea;2007;0;45
Guinea;2008;0;0
Guinea;2009;0;164
Guinea;2010;0;48
Guinea;2011;0;51
Guinea;2012;0;15
Guinea;2013;0;98
Guinea;2014;0;0
Guinea;2015;1;12
Guinea-Bissau;2005;3;0
Guinea-Bissau;2006;11;58
Guinea-Bissau;2007;0;0
Guinea-Bissau;2008;0;0
Guinea-Bissau;2009;1;0
Guinea-Bissau;2010;0;0
Guinea-Bissau;2011;0;0
Guinea-Bissau;2012;1;0
Guinea-Bissau;2013;0;0
Guinea-Bissau;2014;0;23
Guinea-Bissau;2015;0;0
Guyana;2005;0;0
Guyana;2006;6;0
Guyana;2007;0;0
Guyana;2008;23;6
Guyana;2009;0;0
Guyana;2010;0;0
Guyana;2011;0;0
Guyana;2012;0;0
Guyana;2013;0;0
Guyana;2014;0;0
Guyana;2015;0;0
Haiti;2005;1;40
Haiti;2006;2;128
Haiti;2007;1;0
Haiti;2008;0;0
Haiti;2009;0;0
Haiti;2010;0;17
Haiti;2011;0;0
Haiti;2012;0;0
Haiti;2013;0;0
Haiti;2014;0;0
Haiti;2015;0;20
Honduras;2005;0;0
Honduras;2006;0;16
Honduras;2007;0;0
Honduras;2008;0;37
Honduras;2009;2;0
Honduras;2010;0;99
Honduras;2011;2;25
Honduras;2012;0;63
Honduras;2013;5;0
Honduras;2014;0;33
Honduras;2015;0;32
Hungary;2005;0;0
Hungary;2006;0;0
Hungary;2007;0;0
Hungary;2008;0;0
Hungary;2009;2;0
Hungary;2010;0;0
Hungary;2011;0;0
Hungary;2012;0;0
Hungary;2013;0;0
Hungary;2014;0;0
Hungary;2015;0;0
Iceland;2005;0;0
Iceland;2006;0;0
Iceland;2007;0;0
Iceland;2008;0;0
Iceland;2009;0;0
Iceland;2010;0;0
Iceland;2011;0;0
Iceland;2012;0;0
Iceland;2013;0;0
Iceland;2014;0;0
Iceland;2015;0;0
India;2005;463;947
India;2006;722;1310
India;2007;626;533
India;2008;819;340
India;2009;774;409
India;2010;812;230
India;2011;489;0
India;2012;264;0
India;2013;467;0
India;2014;490;0
India;2015;387;0
Indonesia;2005;66;147
Indonesia;2006;6;0
Indonesia;2007;0;0
Indonesia;2008;0;0
Indonesia;2009;15;0
Indonesia;2010;0;0
Indonesia;2011;20;0
Indonesia;2012;15;0
Indonesia;2013;23;0
Indonesia;2014;20;0
Indonesia;2015;22;0
Iran;2005;13;382
Iran;2006;48;0
Iran;2007;24;62
Iran;2008;26;332
Iran;2009;97;350
Iran;2010;115;219
Iran;2011;18;177
Iran;2012;12;0
Iran;2013;39;93
Iran;2014;13;250
Iran;2015;38;323
Iraq;2005;3380;16921
Iraq;2006;4612;31074
Iraq;2007;6665;26451
Iraq;2008;2864;9906
Iraq;2009;2583;4492
Iraq;2010;2071;3655
Iraq;2011;1870;3504
Iraq;2012;2686;3688
Iraq;2013;7038;5984
Iraq;2014;13079;13405
Iraq;2015;8835;14046
Ireland;2005;0;0
Ireland;2006;1;0
Ireland;2007;0;0
Ireland;2008;0;0
Ireland;2009;0;0
Ireland;2010;0;0
Ireland;2011;1;0
Ireland;2012;0;0
Ireland;2013;0;0
Ireland;2014;0;0
Ireland;2015;0;0
Israel;2005;45;138
Israel;2006;51;586
Israel;2007;17;495
Israel;2008;34;633
Israel;2009;1;685
Israel;2010;4;40
Israel;2011;21;35
Israel;2012;14;50
Israel;2013;2;38
Israel;2014;49;1618
Israel;2015;20;80
Italy;2005;1;0
Italy;2006;0;0
Italy;2007;0;0
Italy;2008;0;0
Italy;2009;0;0
Italy;2010;0;0
Italy;2011;0;0
Italy;2012;0;0
Italy;2013;0;0
Italy;2014;0;0
Italy;2015;0;0
Jamaica;2005;0;0
Jamaica;2006;0;0
Jamaica;2007;0;0
Jamaica;2008;0;0
Jamaica;2009;0;0
Jamaica;2010;0;52
Jamaica;2011;0;0
Jamaica;2012;0;0
Jamaica;2013;0;0
Jamaica;2014;0;0
Jamaica;2015;0;0
Japan;2005;0;0
Japan;2006;0;0
Japan;2007;0;0
Japan;2008;0;0
Japan;2009;0;0
Japan;2010;0;0
Japan;2011;0;0
Japan;2012;0;0
Japan;2013;0;0
Japan;2014;0;0
Japan;2015;0;0
Jordan;2005;62;303
Jordan;2006;1;0
Jordan;2007;0;0
Jordan;2008;0;0
Jordan;2009;0;0
Jordan;2010;1;0
Jordan;2011;0;0
Jordan;2012;1;0
Jordan;2013;0;0
Jordan;2014;1;0
Jordan;2015;7;0
Kazakhstan;2005;0;32
Kazakhstan;2006;0;28
Kazakhstan;2007;0;0
Kazakhstan;2008;2;24
Kazakhstan;2009;0;21
Kazakhstan;2010;0;22
Kazakhstan;2011;12;10
Kazakhstan;2012;2;20
Kazakhstan;2013;0;0
Kazakhstan;2014;0;0
Kazakhstan;2015;0;0
Kenya;2005;56;133
Kenya;2006;18;161
Kenya;2007;33;30
Kenya;2008;103;278
Kenya;2009;0;44
Kenya;2010;19;4
Kenya;2011;42;41
Kenya;2012;107;18
Kenya;2013;206;0
Kenya;2014;315;0
Kenya;2015;276;0
Kuwait;2005;2;8
Kuwait;2006;0;18
Kuwait;2007;0;12
Kuwait;2008;0;0
Kuwait;2009;0;3
Kuwait;2010;0;0
Kuwait;2011;0;0
Kuwait;2012;0;0
Kuwait;2013;0;0
Kuwait;2014;0;0
Kuwait;2015;28;0
Kyrgyzstan;2005;0;0
Kyrgyzstan;2006;1;0
Kyrgyzstan;2007;0;0
Kyrgyzstan;2008;0;0
Kyrgyzstan;2009;0;0
Kyrgyzstan;2010;0;427
Kyrgyzstan;2011;0;40
Kyrgyzstan;2012;0;0
Kyrgyzstan;2013;0;0
Kyrgyzstan;2014;1;0
Kyrgyzstan;2015;1;0
Laos;2005;0;0
Laos;2006;0;73
Laos;2007;0;0
Laos;2008;0;0
Laos;2009;0;0
Laos;2010;0;0
Laos;2011;0;0
Laos;2012;0;0
Laos;2013;0;0
Laos;2014;0;0
Laos;2015;0;0
Latvia;2005;0;0
Latvia;2006;0;0
Latvia;2007;0;0
Latvia;2008;0;0
Latvia;2009;0;0
Latvia;2010;0;0
Latvia;2011;0;0
Latvia;2012;0;0
Latvia;2013;0;0
Latvia;2014;0;0
Latvia;2015;0;0
Lebanon;2005;22;0
Lebanon;2006;12;739
Lebanon;2007;40;207
Lebanon;2008;142;0
Lebanon;2009;17;46
Lebanon;2010;2;11
Lebanon;2011;1;1465
Lebanon;2012;9;43
Lebanon;2013;190;368
Lebanon;2014;134;375
Lebanon;2015;111;398
Lesotho;2005;0;0
Lesotho;2006;0;0
Lesotho;2007;0;0
Lesotho;2008;0;0
Lesotho;2009;0;0
Lesotho;2010;0;0
Lesotho;2011;0;0
Lesotho;2012;0;0
Lesotho;2013;0;0
Lesotho;2014;0;0
Lesotho;2015;1;0
Liberia;2005;0;13
Liberia;2006;0;0
Liberia;2007;0;0
Liberia;2008;12;1
Liberia;2009;0;0
Liberia;2010;0;0
Liberia;2011;0;13
Liberia;2012;0;0
Liberia;2013;0;0
Liberia;2014;0;21
Liberia;2015;0;0
Libya;2005;0;0
Libya;2006;0;26
Libya;2007;0;0
Libya;2008;0;39
Libya;2009;0;0
Libya;2010;0;0
Libya;2011;0;39663
Libya;2012;33;1066
Libya;2013;232;51
Libya;2014;696;2315
Libya;2015;689;2168
Lithuania;2005;0;0
Lithuania;2006;0;0
Lithuania;2007;0;0
Lithuania;2008;0;0
Lithuania;2009;0;0
Lithuania;2010;0;0
Lithuania;2011;0;0
Lithuania;2012;0;0
Lithuania;2013;0;0
Lithuania;2014;0;0
Lithuania;2015;0;0
Luxembourg;2005;0;0
Luxembourg;2006;0;0
Luxembourg;2007;0;0
Luxembourg;2008;0;0
Luxembourg;2009;0;0
Luxembourg;2010;0;0
Luxembourg;2011;0;0
Luxembourg;2012;0;0
Luxembourg;2013;0;0
Luxembourg;2014;0;0
Luxembourg;2015;0;0
Macedonia;2005;0;0
Macedonia;2006;0;0
Macedonia;2007;0;12
Macedonia;2008;2;0
Macedonia;2009;0;0
Macedonia;2010;0;0
Macedonia;2011;0;0
Macedonia;2012;5;0
Macedonia;2013;0;0
Macedonia;2014;0;0
Macedonia;2015;0;0
Madagascar;2005;0;0
Madagascar;2006;0;0
Madagascar;2007;0;22
Madagascar;2008;0;0
Madagascar;2009;2;111
Madagascar;2010;0;0
Madagascar;2011;0;0
Madagascar;2012;0;334
Madagascar;2013;0;167
Madagascar;2014;1;497
Madagascar;2015;0;208
Malawi;2005;0;0
Malawi;2006;0;0
Malawi;2007;0;0
Malawi;2008;0;0
Malawi;2009;0;0
Malawi;2010;0;0
Malawi;2011;0;19
Malawi;2012;0;0
Malawi;2013;0;0
Malawi;2014;0;0
Malawi;2015;0;0
Malaysia;2005;0;0
Malaysia;2006;0;0
Malaysia;2007;0;0
Malaysia;2008;0;0
Malaysia;2009;0;0
Malaysia;2010;0;0
Malaysia;2011;0;0
Malaysia;2012;2;0
Malaysia;2013;2;68
Malaysia;2014;1;0
Malaysia;2015;1;0
Maldives;2005;0;0
Maldives;2006;0;0
Maldives;2007;0;0
Maldives;2008;0;0
Maldives;2009;0;0
Maldives;2010;0;0
Maldives;2011;0;0
Maldives;2012;0;0
Maldives;2013;0;0
Maldives;2014;0;0
Maldives;2015;0;0
Mali;2005;0;0
Mali;2006;0;205
Mali;2007;20;20
Mali;2008;55;57
Mali;2009;30;97
Mali;2010;1;27
Mali;2011;5;13
Mali;2012;5;338
Mali;2013;137;673
Mali;2014;123;222
Mali;2015;268;78
Malta;2005;0;0
Malta;2006;0;0
Malta;2007;0;0
Malta;2008;0;0
Malta;2009;0;0
Malta;2010;0;0
Malta;2011;0;0
Malta;2012;0;0
Malta;2013;0;0
Malta;2014;0;0
Malta;2015;0;0
Mauritania;2005;23;31
Mauritania;2006;0;0
Mauritania;2007;0;0
Mauritania;2008;12;12
Mauritania;2009;2;0
Mauritania;2010;1;23
Mauritania;2011;1;12
Mauritania;2012;0;0
Mauritania;2013;0;0
Mauritania;2014;0;0
Mauritania;2015;0;0
Mauritius;2005;0;0
Mauritius;2006;0;0
Mauritius;2007;0;0
Mauritius;2008;0;0
Mauritius;2009;0;0
Mauritius;2010;0;0
Mauritius;2011;0;0
Mauritius;2012;0;0
Mauritius;2013;0;0
Mauritius;2014;0;0
Mauritius;2015;0;0
Mexico;2005;2;186
Mexico;2006;7;682
Mexico;2007;25;571
Mexico;2008;21;839
Mexico;2009;2;1020
Mexico;2010;0;3326
Mexico;2011;0;2721
Mexico;2012;17;1937
Mexico;2013;47;904
Mexico;2014;1;1706
Mexico;2015;9;1791
Moldova;2005;0;0
Moldova;2006;2;0
Moldova;2007;0;0
Moldova;2008;0;0
Moldova;2009;0;0
Moldova;2010;0;0
Moldova;2011;0;0
Moldova;2012;0;0
Moldova;2013;0;0
Moldova;2014;0;0
Moldova;2015;0;0
Montenegro;2005;0;0
Montenegro;2006;0;0
Montenegro;2007;0;0
Montenegro;2008;0;0
Montenegro;2009;0;0
Montenegro;2010;0;0
Montenegro;2011;0;0
Montenegro;2012;0;0
Montenegro;2013;0;0
Montenegro;2014;0;0
Montenegro;2015;0;0
Morocco;2005;0;0
Morocco;2006;0;0
Morocco;2007;13;0
Morocco;2008;0;0
Morocco;2009;0;0
Morocco;2010;0;0
Morocco;2011;17;33
Morocco;2012;0;0
Morocco;2013;0;0
Morocco;2014;0;0
Morocco;2015;0;0
Mozambique;2005;0;0
Mozambique;2006;0;0
Mozambique;2007;6;0
Mozambique;2008;0;0
Mozambique;2009;0;0
Mozambique;2010;0;43
Mozambique;2011;0;0
Mozambique;2012;1;0
Mozambique;2013;37;0
Mozambique;2014;22;14
Mozambique;2015;12;66
Myanmar;2005;21;427
Myanmar;2006;0;437
Myanmar;2007;10;693
Myanmar;2008;14;86
Myanmar;2009;46;149
Myanmar;2010;13;166
Myanmar;2011;0;832
Myanmar;2012;16;945
Myanmar;2013;11;346
Myanmar;2014;15;221
Myanmar;2015;60;618
Namibia;2005;0;0
Namibia;2006;0;0
Namibia;2007;0;0
Namibia;2008;0;0
Namibia;2009;0;0
Namibia;2010;0;0
Namibia;2011;0;0
Namibia;2012;0;0
Namibia;2013;0;0
Namibia;2014;0;0
Namibia;2015;0;0
Nepal;2005;211;1191
Nepal;2006;133;434
Nepal;2007;44;0
Nepal;2008;53;28
Nepal;2009;20;30
Nepal;2010;10;0
Nepal;2011;16;0
Nepal;2012;9;0
Nepal;2013;3;0
Nepal;2014;0;0
Nepal;2015;0;0
Netherlands;2005;0;0
Netherlands;2006;0;0
Netherlands;2007;0;0
Netherlands;2008;0;0
Netherlands;2009;7;0
Netherlands;2010;0;0
Netherlands;2011;0;0
Netherlands;2012;0;0
Netherlands;2013;0;0
Netherlands;2014;0;187
Netherlands;2015;0;0
NewÿZealand;2005;0;0
NewÿZealand;2006;0;0
NewÿZealand;2007;0;0
NewÿZealand;2008;0;0
NewÿZealand;2009;0;0
NewÿZealand;2010;0;0
NewÿZealand;2011;0;7
NewÿZealand;2012;0;0
NewÿZealand;2013;0;0
NewÿZealand;2014;0;0
NewÿZealand;2015;0;0
Nicaragua;2005;0;0
Nicaragua;2006;0;0
Nicaragua;2007;0;0
Nicaragua;2008;0;0
Nicaragua;2009;0;0
Nicaragua;2010;0;0
Nicaragua;2011;0;0
Nicaragua;2012;0;0
Nicaragua;2013;0;0
Nicaragua;2014;5;0
Nicaragua;2015;0;0
Niger;2005;0;0
Niger;2006;0;0
Niger;2007;66;15
Niger;2008;6;43
Niger;2009;18;0
Niger;2010;9;24
Niger;2011;4;18
Niger;2012;1;0
Niger;2013;26;67
Niger;2014;11;17
Niger;2015;666;0
Nigeria;2005;19;146
Nigeria;2006;254;0
Nigeria;2007;82;0
Nigeria;2008;72;310
Nigeria;2009;316;139
Nigeria;2010;117;674
Nigeria;2011;447;1276
Nigeria;2012;1508;435
Nigeria;2013;2014;662
Nigeria;2014;7781;2467
Nigeria;2015;5351;0
NorthÿAmerica;2005;2;703
NorthÿAmerica;2006;8;815
NorthÿAmerica;2007;25;786
NorthÿAmerica;2008;23;339
NorthÿAmerica;2009;20;341
NorthÿAmerica;2010;4;446
NorthÿAmerica;2011;0;387
NorthÿAmerica;2012;24;221
NorthÿAmerica;2013;70;14
NorthÿAmerica;2014;27;10
NorthÿAmerica;2015;53;0
NorthÿKorea;2005;0;0
NorthÿKorea;2006;0;0
NorthÿKorea;2007;0;0
NorthÿKorea;2008;0;0
NorthÿKorea;2009;0;0
NorthÿKorea;2010;0;0
NorthÿKorea;2011;0;0
NorthÿKorea;2012;0;0
NorthÿKorea;2013;0;0
NorthÿKorea;2014;0;0
NorthÿKorea;2015;0;0
Norway;2005;0;0
Norway;2006;0;0
Norway;2007;0;0
Norway;2008;0;0
Norway;2009;0;0
Norway;2010;0;5
Norway;2011;77;0
Norway;2012;0;0
Norway;2013;0;0
Norway;2014;0;0
Norway;2015;0;0
Oceania;2005;0;5
Oceania;2006;0;2
Oceania;2007;0;7
Oceania;2008;0;5
Oceania;2009;0;1
Oceania;2010;0;2
Oceania;2011;0;0
Oceania;2012;0;57
Oceania;2013;0;3
Oceania;2014;4;0
Oceania;2015;2;0
Pakistan;2005;152;0
Pakistan;2006;314;107
Pakistan;2007;1406;0
Pakistan;2008;1184;3948
Pakistan;2009;1487;5955
Pakistan;2010;1695;5439
Pakistan;2011;1674;1736
Pakistan;2012;2784;677
Pakistan;2013;2874;0
Pakistan;2014;2414;1139
Pakistan;2015;1607;701
Palestine;2005;20;104
Palestine;2006;20;305
Palestine;2007;112;213
Palestine;2008;17;383
Palestine;2009;7;754
Palestine;2010;0;46
Palestine;2011;15;46
Palestine;2012;12;129
Palestine;2013;12;29
Palestine;2014;67;2266
Palestine;2015;117;45
Panama;2005;0;0
Panama;2006;0;0
Panama;2007;0;0
Panama;2008;0;0
Panama;2009;1;0
Panama;2010;0;0
Panama;2011;0;0
Panama;2012;0;0
Panama;2013;0;0
Panama;2014;0;0
Panama;2015;0;0
PapuaÿNewÿGuinea;2005;0;0
PapuaÿNewÿGuinea;2006;0;0
PapuaÿNewÿGuinea;2007;0;0
PapuaÿNewÿGuinea;2008;0;0
PapuaÿNewÿGuinea;2009;0;0
PapuaÿNewÿGuinea;2010;0;0
PapuaÿNewÿGuinea;2011;0;0
PapuaÿNewÿGuinea;2012;0;57
PapuaÿNewÿGuinea;2013;0;0
PapuaÿNewÿGuinea;2014;0;0
PapuaÿNewÿGuinea;2015;0;0
Paraguay;2005;0;0
Paraguay;2006;0;0
Paraguay;2007;0;0
Paraguay;2008;0;0
Paraguay;2009;0;0
Paraguay;2010;2;0
Paraguay;2011;0;0
Paraguay;2012;1;0
Paraguay;2013;12;0
Paraguay;2014;6;0
Paraguay;2015;13;0
Peru;2005;7;0
Peru;2006;7;0
Peru;2007;18;15
Peru;2008;0;42
Peru;2009;19;31
Peru;2010;0;0
Peru;2011;0;42
Peru;2012;10;0
Peru;2013;6;0
Peru;2014;4;0
Peru;2015;6;0
Philippines;2005;49;422
Philippines;2006;60;340
Philippines;2007;115;341
Philippines;2008;220;264
Philippines;2009;152;788
Philippines;2010;155;179
Philippines;2011;127;256
Philippines;2012;210;86
Philippines;2013;432;85
Philippines;2014;472;0
Philippines;2015;446;130
Poland;2005;0;0
Poland;2006;0;0
Poland;2007;0;0
Poland;2008;0;0
Poland;2009;0;0
Poland;2010;0;0
Poland;2011;0;0
Poland;2012;0;0
Poland;2013;0;0
Poland;2014;0;0
Poland;2015;0;0
Portugal;2005;0;0
Portugal;2006;0;0
Portugal;2007;0;0
Portugal;2008;0;0
Portugal;2009;0;0
Portugal;2010;0;0
Portugal;2011;0;0
Portugal;2012;0;0
Portugal;2013;0;0
Portugal;2014;0;0
Portugal;2015;0;0
Qatar;2005;2;0
Qatar;2006;0;0
Qatar;2007;0;0
Qatar;2008;0;0
Qatar;2009;0;0
Qatar;2010;0;0
Qatar;2011;0;0
Qatar;2012;0;0
Qatar;2013;0;0
Qatar;2014;0;3
Qatar;2015;0;0
Romania;2005;0;0
Romania;2006;0;0
Romania;2007;0;0
Romania;2008;0;0
Romania;2009;0;0
Romania;2010;0;0
Romania;2011;0;0
Romania;2012;0;0
Romania;2013;0;0
Romania;2014;0;0
Romania;2015;0;0
Russia;2005;156;514
Russia;2006;57;204
Russia;2007;55;122
Russia;2008;95;312
Russia;2009;141;558
Russia;2010;231;189
Russia;2011;160;387
Russia;2012;161;360
Russia;2013;148;355
Russia;2014;67;102
Russia;2015;21;0
Rwanda;2005;30;0
Rwanda;2006;0;0
Rwanda;2007;0;0
Rwanda;2008;0;0
Rwanda;2009;4;1826
Rwanda;2010;6;202
Rwanda;2011;2;114
Rwanda;2012;10;22
Rwanda;2013;6;0
Rwanda;2014;1;0
Rwanda;2015;0;0
SaudiÿArabia;2005;1;33
SaudiÿArabia;2006;4;0
SaudiÿArabia;2007;3;0
SaudiÿArabia;2008;0;2
SaudiÿArabia;2009;5;0
SaudiÿArabia;2010;0;0
SaudiÿArabia;2011;3;0
SaudiÿArabia;2012;4;0
SaudiÿArabia;2013;1;0
SaudiÿArabia;2014;20;0
SaudiÿArabia;2015;213;2001
Senegal;2005;0;0
Senegal;2006;0;127
Senegal;2007;1;0
Senegal;2008;10;0
Senegal;2009;9;0
Senegal;2010;3;27
Senegal;2011;21;4
Senegal;2012;16;0
Senegal;2013;7;0
Senegal;2014;7;0
Senegal;2015;0;0
Serbia;2005;0;0
Serbia;2006;0;0
Serbia;2007;0;0
Serbia;2008;2;0
Serbia;2009;0;0
Serbia;2010;0;0
Serbia;2011;0;0
Serbia;2012;1;0
Serbia;2013;0;0
Serbia;2014;0;0
Serbia;2015;0;0
Seychelles;2005;0;0
Seychelles;2006;0;0
Seychelles;2007;0;0
Seychelles;2008;0;0
Seychelles;2009;0;0
Seychelles;2010;0;0
Seychelles;2011;0;0
Seychelles;2012;0;0
Seychelles;2013;0;0
Seychelles;2014;0;0
Seychelles;2015;0;0
SierraÿLeone;2005;0;0
SierraÿLeone;2006;0;0
SierraÿLeone;2007;0;0
SierraÿLeone;2008;0;0
SierraÿLeone;2009;0;30
SierraÿLeone;2010;0;0
SierraÿLeone;2011;0;0
SierraÿLeone;2012;0;0
SierraÿLeone;2013;0;0
SierraÿLeone;2014;0;0
SierraÿLeone;2015;0;0
Singapore;2005;0;0
Singapore;2006;0;0
Singapore;2007;0;0
Singapore;2008;0;0
Singapore;2009;0;0
Singapore;2010;0;0
Singapore;2011;0;0
Singapore;2012;0;0
Singapore;2013;0;0
Singapore;2014;0;0
Singapore;2015;0;0
Slovenia;2005;0;0
Slovenia;2006;0;0
Slovenia;2007;0;0
Slovenia;2008;0;0
Slovenia;2009;0;0
Slovenia;2010;0;0
Slovenia;2011;0;0
Slovenia;2012;0;0
Slovenia;2013;0;0
Slovenia;2014;0;0
Slovenia;2015;0;0
SolomonÿIslands;2005;0;0
SolomonÿIslands;2006;0;0
SolomonÿIslands;2007;0;0
SolomonÿIslands;2008;0;0
SolomonÿIslands;2009;0;0
SolomonÿIslands;2010;0;0
SolomonÿIslands;2011;0;0
SolomonÿIslands;2012;0;0
SolomonÿIslands;2013;0;0
SolomonÿIslands;2014;0;0
SolomonÿIslands;2015;0;0
Somalia;2005;20;528
Somalia;2006;22;1612
Somalia;2007;408;1272
Somalia;2008;436;1314
Somalia;2009;381;1830
Somalia;2010;295;2411
Somalia;2011;344;1775
Somalia;2012;775;2161
Somalia;2013;646;328
Somalia;2014;1582;0
Somalia;2015;1390;0
SouthÿAfrica;2005;0;0
SouthÿAfrica;2006;0;62
SouthÿAfrica;2007;1;0
SouthÿAfrica;2008;0;98
SouthÿAfrica;2009;0;0
SouthÿAfrica;2010;0;11
SouthÿAfrica;2011;0;12
SouthÿAfrica;2012;5;259
SouthÿAfrica;2013;2;68
SouthÿAfrica;2014;9;160
SouthÿAfrica;2015;5;220
SouthÿAsia;2005;1361;1451
SouthÿAsia;2006;2935;85
SouthÿAsia;2007;3684;0
SouthÿAsia;2008;3511;2861
SouthÿAsia;2009;3564;5112
SouthÿAsia;2010;3599;4577
SouthÿAsia;2011;3709;0
SouthÿAsia;2012;6586;0
SouthÿAsia;2013;7056;0
SouthÿAsia;2014;8358;0
SouthÿAsia;2015;8293;0
SouthÿKorea;2005;0;0
SouthÿKorea;2006;0;0
SouthÿKorea;2007;0;0
SouthÿKorea;2008;0;0
SouthÿKorea;2009;0;0
SouthÿKorea;2010;0;52
SouthÿKorea;2011;0;0
SouthÿKorea;2012;0;0
SouthÿKorea;2013;0;0
SouthÿKorea;2014;0;0
SouthÿKorea;2015;0;0
SouthÿSudan;2005;0;194
SouthÿSudan;2006;0;249
SouthÿSudan;2007;0;270
SouthÿSudan;2008;0;149
SouthÿSudan;2009;0;1965
SouthÿSudan;2010;0;406
SouthÿSudan;2011;0;1832
SouthÿSudan;2012;68;1288
SouthÿSudan;2013;226;1637
SouthÿSudan;2014;908;1540
SouthÿSudan;2015;218;2991
SoutheastÿAsia;2005;266;1480
SoutheastÿAsia;2006;260;3439
SoutheastÿAsia;2007;390;3881
SoutheastÿAsia;2008;403;9011
SoutheastÿAsia;2009;483;11406
SoutheastÿAsia;2010;322;8917
SoutheastÿAsia;2011;299;1216
SoutheastÿAsia;2012;452;1048
SoutheastÿAsia;2013;723;411
SoutheastÿAsia;2014;700;74
SoutheastÿAsia;2015;645;609
Spain;2005;0;0
Spain;2006;2;0
Spain;2007;0;0
Spain;2008;3;0
Spain;2009;3;0
Spain;2010;0;0
Spain;2011;0;0
Spain;2012;0;0
Spain;2013;0;0
Spain;2014;0;0
Spain;2015;0;0
SriÿLanka;2005;125;0
SriÿLanka;2006;1012;1183
SriÿLanka;2007;410;2145
SriÿLanka;2008;352;8148
SriÿLanka;2009;201;10294
SriÿLanka;2010;2;8505
SriÿLanka;2011;0;0
SriÿLanka;2012;0;0
SriÿLanka;2013;0;0
SriÿLanka;2014;3;0
SriÿLanka;2015;3;0
Sub-SaharanÿAfrica;2005;370;8558
Sub-SaharanÿAfrica;2006;972;5309
Sub-SaharanÿAfrica;2007;1383;3172
Sub-SaharanÿAfrica;2008;1475;5766
Sub-SaharanÿAfrica;2009;1731;9701
Sub-SaharanÿAfrica;2010;830;4920
Sub-SaharanÿAfrica;2011;1237;5933
Sub-SaharanÿAfrica;2012;2940;8217
Sub-SaharanÿAfrica;2013;3842;8942
Sub-SaharanÿAfrica;2014;13341;7151
Sub-SaharanÿAfrica;2015;10482;1772
Sudan;2005;54;1245
Sudan;2006;484;1515
Sudan;2007;317;527
Sudan;2008;205;906
Sudan;2009;77;628
Sudan;2010;81;1264
Sudan;2011;193;2452
Sudan;2012;60;1522
Sudan;2013;220;3063
Sudan;2014;546;1486
Sudan;2015;210;1142
Suriname;2005;0;0
Suriname;2006;0;0
Suriname;2007;0;0
Suriname;2008;0;0
Suriname;2009;0;0
Suriname;2010;0;0
Suriname;2011;0;0
Suriname;2012;0;0
Suriname;2013;0;0
Suriname;2014;0;0
Suriname;2015;0;0
Swaziland;2005;0;0
Swaziland;2006;0;0
Swaziland;2007;0;0
Swaziland;2008;0;0
Swaziland;2009;0;0
Swaziland;2010;0;0
Swaziland;2011;0;0
Swaziland;2012;0;0
Swaziland;2013;0;0
Swaziland;2014;0;0
Swaziland;2015;0;0
Sweden;2005;0;0
Sweden;2006;0;0
Sweden;2007;0;0
Sweden;2008;0;0
Sweden;2009;0;0
Sweden;2010;1;0
Sweden;2011;0;0
Sweden;2012;0;0
Sweden;2013;0;0
Sweden;2014;0;0
Sweden;2015;4;0
Switzerland;2005;0;0
Switzerland;2006;0;0
Switzerland;2007;0;0
Switzerland;2008;0;0
Switzerland;2009;0;0
Switzerland;2010;0;0
Switzerland;2011;0;0
Switzerland;2012;0;0
Switzerland;2013;0;0
Switzerland;2014;0;0
Switzerland;2015;0;0
Syria;2005;0;0
Syria;2006;5;490
Syria;2007;0;247
Syria;2008;18;71
Syria;2009;0;0
Syria;2010;0;0
Syria;2011;163;10027
Syria;2012;877;59219
Syria;2013;1562;50449
Syria;2014;3301;61518
Syria;2015;3925;50137
Taiwan;2005;0;0
Taiwan;2006;0;0
Taiwan;2007;0;0
Taiwan;2008;0;0
Taiwan;2009;0;0
Taiwan;2010;0;0
Taiwan;2011;0;0
Taiwan;2012;0;0
Taiwan;2013;0;0
Taiwan;2014;0;0
Taiwan;2015;0;0
Tajikistan;2005;0;0
Tajikistan;2006;0;0
Tajikistan;2007;1;0
Tajikistan;2008;0;0
Tajikistan;2009;0;0
Tajikistan;2010;4;98
Tajikistan;2011;0;28
Tajikistan;2012;3;0
Tajikistan;2013;0;0
Tajikistan;2014;1;0
Tajikistan;2015;12;0
Tanzania;2005;0;0
Tanzania;2006;0;0
Tanzania;2007;0;0
Tanzania;2008;0;0
Tanzania;2009;0;0
Tanzania;2010;0;0
Tanzania;2011;0;0
Tanzania;2012;0;0
Tanzania;2013;8;0
Tanzania;2014;4;0
Tanzania;2015;10;0
Thailand;2005;130;365
Thailand;2006;194;350
Thailand;2007;264;257
Thailand;2008;166;164
Thailand;2009;270;0
Thailand;2010;154;65
Thailand;2011;152;127
Thailand;2012;209;34
Thailand;2013;255;0
Thailand;2014;192;0
Thailand;2015;116;0
Togo;2005;0;438
Togo;2006;0;0
Togo;2007;0;0
Togo;2008;0;0
Togo;2009;0;0
Togo;2010;0;0
Togo;2011;0;0
Togo;2012;0;0
Togo;2013;0;0
Togo;2014;0;0
Togo;2015;0;0
TrinidadÿandÿTobago;2005;0;0
TrinidadÿandÿTobago;2006;0;0
TrinidadÿandÿTobago;2007;0;0
TrinidadÿandÿTobago;2008;0;0
TrinidadÿandÿTobago;2009;0;0
TrinidadÿandÿTobago;2010;0;0
TrinidadÿandÿTobago;2011;0;0
TrinidadÿandÿTobago;2012;0;0
TrinidadÿandÿTobago;2013;0;0
TrinidadÿandÿTobago;2014;0;0
TrinidadÿandÿTobago;2015;0;0
Tunisia;2005;0;0
Tunisia;2006;0;0
Tunisia;2007;14;11
Tunisia;2008;0;0
Tunisia;2009;0;0
Tunisia;2010;0;115
Tunisia;2011;4;196
Tunisia;2012;0;200
Tunisia;2013;25;175
Tunisia;2014;43;157
Tunisia;2015;103;178
Turkey;2005;35;328
Turkey;2006;45;166
Turkey;2007;25;430
Turkey;2008;42;389
Turkey;2009;18;107
Turkey;2010;13;185
Turkey;2011;25;757
Turkey;2012;248;381
Turkey;2013;83;1142
Turkey;2014;39;0
Turkey;2015;490;523
Turkmenistan;2005;0;0
Turkmenistan;2006;0;0
Turkmenistan;2007;0;0
Turkmenistan;2008;0;0
Turkmenistan;2009;0;0
Turkmenistan;2010;0;0
Turkmenistan;2011;0;0
Turkmenistan;2012;0;0
Turkmenistan;2013;0;0
Turkmenistan;2014;3;0
Turkmenistan;2015;0;0
Uganda;2005;80;835
Uganda;2006;0;247
Uganda;2007;2;126
Uganda;2008;3;251
Uganda;2009;11;27
Uganda;2010;75;59
Uganda;2011;0;68
Uganda;2012;5;0
Uganda;2013;0;50
Uganda;2014;98;336
Uganda;2015;4;194
Ukraine;2005;0;76
Ukraine;2006;0;70
Ukraine;2007;0;68
Ukraine;2008;0;65
Ukraine;2009;0;49
Ukraine;2010;1;0
Ukraine;2011;0;0
Ukraine;2012;1;0
Ukraine;2013;1;0
Ukraine;2014;1396;3018
Ukraine;2015;765;541
UnitedÿArabÿEmirates;2005;0;0
UnitedÿArabÿEmirates;2006;0;0
UnitedÿArabÿEmirates;2007;0;0
UnitedÿArabÿEmirates;2008;0;0
UnitedÿArabÿEmirates;2009;0;0
UnitedÿArabÿEmirates;2010;0;0
UnitedÿArabÿEmirates;2011;0;0
UnitedÿArabÿEmirates;2012;0;0
UnitedÿArabÿEmirates;2013;0;0
UnitedÿArabÿEmirates;2014;1;0
UnitedÿArabÿEmirates;2015;0;0
UnitedÿKingdom;2005;57;0
UnitedÿKingdom;2006;0;1
UnitedÿKingdom;2007;4;0
UnitedÿKingdom;2008;0;2
UnitedÿKingdom;2009;3;0
UnitedÿKingdom;2010;0;6
UnitedÿKingdom;2011;1;6
UnitedÿKingdom;2012;1;5
UnitedÿKingdom;2013;4;0
UnitedÿKingdom;2014;0;3
UnitedÿKingdom;2015;1;0
UnitedÿStates;2005;0;705
UnitedÿStates;2006;1;786
UnitedÿStates;2007;0;811
UnitedÿStates;2008;2;360
UnitedÿStates;2009;18;343
UnitedÿStates;2010;4;446
UnitedÿStates;2011;0;387
UnitedÿStates;2012;7;238
UnitedÿStates;2013;23;61
UnitedÿStates;2014;19;18
UnitedÿStates;2015;44;0
Uruguay;2005;0;0
Uruguay;2006;0;0
Uruguay;2007;0;0
Uruguay;2008;0;0
Uruguay;2009;0;0
Uruguay;2010;0;0
Uruguay;2011;0;0
Uruguay;2012;0;0
Uruguay;2013;0;0
Uruguay;2014;0;0
Uruguay;2015;0;0
Uzbekistan;2005;10;0
Uzbekistan;2006;0;0
Uzbekistan;2007;0;0
Uzbekistan;2008;0;0
Uzbekistan;2009;3;0
Uzbekistan;2010;0;0
Uzbekistan;2011;0;0
Uzbekistan;2012;0;0
Uzbekistan;2013;0;0
Uzbekistan;2014;0;0
Uzbekistan;2015;0;0
Vanuatu;2005;0;0
Vanuatu;2006;0;0
Vanuatu;2007;0;0
Vanuatu;2008;0;0
Vanuatu;2009;0;0
Vanuatu;2010;0;0
Vanuatu;2011;0;0
Vanuatu;2012;0;0
Vanuatu;2013;0;0
Vanuatu;2014;0;0
Vanuatu;2015;0;0
Venezuela;2005;0;30
Venezuela;2006;0;0
Venezuela;2007;1;0
Venezuela;2008;1;0
Venezuela;2009;10;0
Venezuela;2010;0;0
Venezuela;2011;0;0
Venezuela;2012;0;0
Venezuela;2013;0;0
Venezuela;2014;1;0
Venezuela;2015;1;0
Vietnam;2005;0;0
Vietnam;2006;0;0
Vietnam;2007;0;0
Vietnam;2008;0;0
Vietnam;2009;0;0
Vietnam;2010;0;0
Vietnam;2011;0;0
Vietnam;2012;0;0
Vietnam;2013;0;0
Vietnam;2014;0;0
Vietnam;2015;0;0
WesternÿEurope;2005;60;123
WesternÿEurope;2006;6;632
WesternÿEurope;2007;17;500
WesternÿEurope;2008;3;679
WesternÿEurope;2009;15;671
WesternÿEurope;2010;5;50
WesternÿEurope;2011;81;0
WesternÿEurope;2012;10;60
WesternÿEurope;2013;6;34
WesternÿEurope;2014;5;1852
WesternÿEurope;2015;171;198
World;2005;6313;36788
World;2006;9362;52488
World;2007;12858;46077
World;2008;9135;39946
World;2009;9271;42406
World;2010;7727;36512
World;2011;8228;77977
World;2012;15436;84654
World;2013;22234;76303
World;2014;43566;104909
World;2015;38464;105047
Yemen;2005;12;779
Yemen;2006;14;651
Yemen;2007;24;2078
Yemen;2008;74;1607
Yemen;2009;47;47
Yemen;2010;345;0
Yemen;2011;461;824
Yemen;2012;1056;1277
Yemen;2013;624;0
Yemen;2014;1348;785
Yemen;2015;2372;14536
Zambia;2005;0;0
Zambia;2006;0;18
Zambia;2007;0;75
Zambia;2008;0;0
Zambia;2009;0;21
Zambia;2010;0;0
Zambia;2011;0;26
Zambia;2012;0;0
Zambia;2013;0;0
Zambia;2014;0;0
Zambia;2015;0;0
Zimbabwe;2005;0;0
Zimbabwe;2006;0;0
Zimbabwe;2007;0;0
Zimbabwe;2008;7;248
Zimbabwe;2009;0;21
Zimbabwe;2010;1;0
Zimbabwe;2011;0;0
Zimbabwe;2012;0;0
Zimbabwe;2013;1;0
Zimbabwe;2014;0;0
Zimbabwe;2015;0;0
